﻿<?xml version="1.0"?>
<doc>
<assembly>
<name>
Fractals
</name>
</assembly>
<members>
<member name="T:Fractals.My.Resources.Resources">
<summary>
  A strongly-typed resource class, for looking up localized strings, etc.
</summary>
</member>
<member name="P:Fractals.My.Resources.Resources.ResourceManager">
<summary>
  Returns the cached ResourceManager instance used by this class.
</summary>
</member>
<member name="P:Fractals.My.Resources.Resources.Culture">
<summary>
  Overrides the current thread's CurrentUICulture property for all
  resource lookups using this strongly typed resource class.
</summary>
</member>
<member name="P:Fractals.My.Resources.Resources.DLA">
<summary>
  Looks up a localized resource of type System.Drawing.Bitmap.
</summary>
</member>
<member name="P:Fractals.My.Resources.Resources.Fractals">
<summary>
  Looks up a localized resource of type System.Drawing.Bitmap.
</summary>
</member>
<member name="P:Fractals.My.Resources.Resources.LSystem">
<summary>
  Looks up a localized resource of type System.Drawing.Bitmap.
</summary>
</member>
<member name="P:Fractals.My.Resources.Resources.Sunflower">
<summary>
  Looks up a localized resource of type System.Drawing.Bitmap.
</summary>
</member>
<member name="M:Fractals.LSystemComponent.#ctor">
 <summary>
 Each implementation of GH_Component must provide a public 
 constructor without any arguments.
 Category represents the Tab in which the component will appear, 
 Subcategory the panel. If you use non-existing tab or panel names, 
 new tabs/panels will automatically be created.
 </summary>
</member>
<member name="M:Fractals.LSystemComponent.RegisterInputParams(Grasshopper.Kernel.GH_Component.GH_InputParamManager)">
 <summary>
 Registers all the input parameters for this component.
 </summary>
</member>
<member name="M:Fractals.LSystemComponent.RegisterOutputParams(Grasshopper.Kernel.GH_Component.GH_OutputParamManager)">
 <summary>
 Registers all the output parameters for this component.
 </summary>
</member>
<member name="M:Fractals.LSystemComponent.SolveInstance(Grasshopper.Kernel.IGH_DataAccess)">
 <summary>
 This is the method that actually does the work.
 </summary>
 <param name="DA">The DA object can be used to retrieve data from input parameters and 
 to store data in output parameters.</param>
</member>
<member name="P:Fractals.LSystemComponent.Icon">
 <summary>
 Provides an Icon for every component that will be visible in the User Interface.
 Icons need to be 24x24 pixels.
 </summary>
</member>
<member name="P:Fractals.LSystemComponent.ComponentGuid">
 <summary>
 Each component must have a unique Guid to identify it. 
 It is vital this Guid doesn't change otherwise old ghx files 
 that use the old ID will partially fail during loading.
 </summary>
</member>
<member name="M:Fractals.DLAComponent.#ctor">
 <summary>
 Each implementation of GH_Component must provide a public 
 constructor without any arguments.
 Category represents the Tab in which the component will appear, 
 Subcategory the panel. If you use non-existing tab or panel names, 
 new tabs/panels will automatically be created.
 </summary>
</member>
<member name="M:Fractals.DLAComponent.RegisterInputParams(Grasshopper.Kernel.GH_Component.GH_InputParamManager)">
 <summary>
 Registers all the input parameters for this component.
 </summary>
</member>
<member name="M:Fractals.DLAComponent.RegisterOutputParams(Grasshopper.Kernel.GH_Component.GH_OutputParamManager)">
 <summary>
 Registers all the output parameters for this component.
 </summary>
</member>
<member name="M:Fractals.DLAComponent.SolveInstance(Grasshopper.Kernel.IGH_DataAccess)">
 <summary>
 This is the method that actually does the work.
 </summary>
 <param name="DA">The DA object can be used to retrieve data from input parameters and 
 to store data in output parameters.</param>
</member>
<member name="P:Fractals.DLAComponent.Icon">
 <summary>
 Provides an Icon for every component that will be visible in the User Interface.
 Icons need to be 24x24 pixels.
 </summary>
</member>
<member name="P:Fractals.DLAComponent.ComponentGuid">
 <summary>
 Each component must have a unique Guid to identify it. 
 It is vital this Guid doesn't change otherwise old ghx files 
 that use the old ID will partially fail during loading.
 </summary>
</member>
<member name="M:Fractals.SunflowerComponent.#ctor">
 <summary>
 Each implementation of GH_Component must provide a public 
 constructor without any arguments.
 Category represents the Tab in which the component will appear, 
 Subcategory the panel. If you use non-existing tab or panel names, 
 new tabs/panels will automatically be created.
 </summary>
</member>
<member name="M:Fractals.SunflowerComponent.RegisterInputParams(Grasshopper.Kernel.GH_Component.GH_InputParamManager)">
 <summary>
 Registers all the input parameters for this component.
 </summary>
</member>
<member name="M:Fractals.SunflowerComponent.RegisterOutputParams(Grasshopper.Kernel.GH_Component.GH_OutputParamManager)">
 <summary>
 Registers all the output parameters for this component.
 </summary>
</member>
<member name="M:Fractals.SunflowerComponent.SolveInstance(Grasshopper.Kernel.IGH_DataAccess)">
 <summary>
 This is the method that actually does the work.
 </summary>
 <param name="DA">The DA object can be used to retrieve data from input parameters and 
 to store data in output parameters.</param>
</member>
<member name="P:Fractals.SunflowerComponent.Icon">
 <summary>
 Provides an Icon for every component that will be visible in the User Interface.
 Icons need to be 24x24 pixels.
 </summary>
</member>
<member name="P:Fractals.SunflowerComponent.ComponentGuid">
 <summary>
 Each component must have a unique Guid to identify it. 
 It is vital this Guid doesn't change otherwise old ghx files 
 that use the old ID will partially fail during loading.
 </summary>
</member>
</members>
</doc>
